{
  "direction": {
    "random_forest": {
      "accuracy": 0.5404564315352697,
      "precision": 0.5656370656370656,
      "recall": 0.5733855185909981,
      "f1": 0.5694849368318756
    },
    "xgboost": {
      "accuracy": 0.5311203319502075,
      "precision": 0.5566218809980806,
      "recall": 0.5675146771037182,
      "f1": 0.562015503875969
    },
    "baseline_logistic": 0.528,
    "baseline_2_0": 0.574
  },
  "magnitude": {
    "random_forest": {
      "mae": 2.143531338283574,
      "rmse": 3.41263183318992,
      "r2": 0.2419106525947693
    },
    "xgboost": {
      "mae": 2.239769952695524,
      "rmse": 3.520304120342025,
      "r2": 0.1933188908203961
    },
    "baseline_linear": {
      "mae": 2.254,
      "r2": 0.226
    }
  }
}